{"_wandb":{"runtime":51},"live/elapsed_sec":53.12986445426941,"live/c4_n_obs":9,"live/path_deviation_m":2.1102944515867375,"live/is_frozen":0,"_step":255,"_runtime":51,"live/nearest_ped_dist_m":2.8518559180039276,"live/is_aligning_mode":0,"live/c4_dir_scale_6":1.0000009551319566,"live/c4_dir_scale_4":1,"live/c4_dir_scale_3":1,"_timestamp":1.7795457996172369e+09,"live/c4_dir_scale_1":1.0000000000000007,"live/ped_blocking":0,"live/linear_velocity_mps":1.5,"live/c4_dir_scale_0":1.0000000000000007,"live/angular_velocity_rps":-0.75,"live/cumul_freeze_sec":0,"live/solver_ms":0.5119150009704754,"live/c4_dir_scale_2":1.0000000000000007}