{"_timestamp":1.7794617378192918e+09,"live/ped_blocking":1,"live/elapsed_sec":107.59910845756531,"_step":531,"live/is_frozen":1,"live/solver_ms":6.9059089983056765,"live/linear_velocity_mps":0.02342259652259135,"live/path_deviation_m":1.8935692317838522,"_runtime":106,"live/is_aligning_mode":0,"live/nearest_ped_dist_m":1.872432760002142,"live/angular_velocity_rps":-0.75,"live/cumul_freeze_sec":14.082451820373535,"live/c4_dir_scale_0":1.1283797737606112,"live/c4_dir_scale_1":1,"_wandb":{"runtime":106}}