{"result/success":1,"live/solver_ms":1.5638790000593872,"live/c7_soft_gated":1,"result/path_dev_max_m":0.86,"live/c7_st_left_benefit":1.8196459363140003e-105,"live/c7_position_capped":1,"result/avg_v_mps":1.161,"live/nearest_ped_dist_m":5.2787827861366035,"live/linear_velocity_mps":0.7702593635757996,"live/angular_velocity_rps":-0.75,"live/c7_st_left_score":1.6923350770805006e-116,"live/c7_st_right_score":5.521642406495253e-95,"live/c7_st_oncoming_score":1.8196459363309236e-105,"result/avg_solver_ms":1.98,"result/stop_go_count":1,"live/c7_st_same_dir_score":0,"live/c7_ttc_oncoming":-1,"_wandb":{"runtime":53},"result/avg_recovery_latency_sec":-1,"live/cumul_freeze_sec":3.1921961307525635,"result/failure_reason":"","result/ped_clearance_m":0.402,"_runtime":53,"live/c7_st_center_score":1.8196459363309236e-105,"live/c7_oncoming_active":0,"result/path_dev_mean_m":0.352,"live/c7_offset_strength":0,"live/c7_signed_right_error":0.455415089624422,"result/total_freeze_sec":3.19,"live/c7_target_offset":0,"result/elapsed_sec":54.39,"live/path_deviation_m":0.1541689352945862,"live/ped_blocking":0,"live/c7_st_benefit":-5.5216424063132886e-95,"_step":265,"live/elapsed_sec":54.39063787460327,"result/avg_abs_w_rps":0.265,"_timestamp":1.7797821469630656e+09,"live/c7_lane_offset":8.239542947172305e-09,"live/is_frozen":0}