{"live/cumul_freeze_sec":0,"live/is_frozen":0,"live/c4_dir_scale_2":1,"live/c4_dir_scale_4":1,"live/elapsed_sec":102.43615221977234,"live/solver_ms":0.48884900752454996,"live/c4_dir_scale_1":1,"live/c4_dir_scale_0":1.0004956422590132,"live/c4_n_obs":9,"live/angular_velocity_rps":-0.75,"live/ped_blocking":0,"_timestamp":1.7795332448902657e+09,"_runtime":101,"live/path_deviation_m":1.406623583671896,"live/c4_dir_scale_3":1,"live/nearest_ped_dist_m":9.528244625380918,"live/is_aligning_mode":0,"_step":504,"live/linear_velocity_mps":1.289983913433747,"_wandb":{"runtime":101}}