{"_timestamp":1.7791848041775415e+09,"_wandb":{"runtime":77},"_runtime":77,"live/nearest_ped_dist_m":7.092351520957156,"live/linear_velocity_mps":0,"live/angular_velocity_rps":-0.75,"live/path_deviation_m":1.1045234757374003,"live/solver_ms":1.6444519987999229,"live/elapsed_sec":79.45344614982605,"live/is_aligning_mode":0,"_step":386}