{"live/is_aligning_mode":0,"_wandb":{"runtime":96},"live/nearest_ped_dist_m":1.7724809059662852,"live/cumul_freeze_sec":5.16715931892395,"_step":483,"live/angular_velocity_rps":-0.75,"live/linear_velocity_mps":1.5,"live/path_deviation_m":1.6947876183981383,"live/elapsed_sec":97.99245834350586,"live/is_frozen":0,"live/c4_dir_scale_0":1.0089080270258965,"_runtime":96,"live/solver_ms":0.5099299996800255,"live/ped_blocking":1,"live/c4_dir_scale_1":1,"_timestamp":1.7794447201301427e+09}