{"live/linear_velocity_mps":1.4490312808102561,"live/elapsed_sec":20.325938940048218,"live/angular_velocity_rps":-0.06460653901134826,"live/solver_ms":0.793901999713853,"_wandb":{"runtime":19},"_step":93,"live/path_deviation_m":0.002480872179328464,"_runtime":19,"_timestamp":1.779187614470036e+09,"live/nearest_ped_dist_m":7.359193717993624,"live/is_aligning_mode":0}