{"live/ped_blocking":0,"_runtime":108,"_timestamp":1.779524125247693e+09,"_wandb":{"runtime":108},"live/solver_ms":1.931709994096309,"_step":539,"live/nearest_ped_dist_m":8.835356352381956,"live/c4_dir_scale_0":1.0000000989573152,"live/is_aligning_mode":0,"live/path_deviation_m":1.8822689385724374,"live/c4_dir_scale_1":1,"live/angular_velocity_rps":-0.75,"live/elapsed_sec":109.61631298065186,"live/c4_dir_scale_2":1,"live/linear_velocity_mps":0.07681112356968564,"live/cumul_freeze_sec":1.1619527339935303,"live/is_frozen":0}