{"live/angular_velocity_rps":0.75,"_wandb":{"runtime":4},"live/path_deviation_m":0.31537817089789755,"live/is_frozen":0,"_timestamp":1.779445230188002e+09,"live/c4_dir_scale_0":1.0645182601586551,"live/ped_blocking":0,"_runtime":4,"live/elapsed_sec":5.7936413288116455,"_step":21,"live/c4_dir_scale_1":1,"live/solver_ms":1.5059720008139266,"live/cumul_freeze_sec":2.1985433101654053,"live/is_aligning_mode":0,"live/linear_velocity_mps":1.5,"live/nearest_ped_dist_m":5.682308955827457}