{"live/linear_velocity_mps":1.3154984322800667,"live/solver_ms":0.47054900096554775,"live/ped_blocking":0,"live/nearest_ped_dist_m":3.4602689107476468,"_wandb":{"runtime":57},"live/c4_dir_scale_0":1.4360110518682139,"live/c4_dir_scale_1":1.1458807911973317,"_timestamp":1.7794418005864658e+09,"_step":285,"live/path_deviation_m":1.7827920453835115,"live/is_aligning_mode":0,"live/cumul_freeze_sec":4.374523639678955,"_runtime":57,"live/elapsed_sec":58.390376806259155,"live/angular_velocity_rps":-0.75,"live/is_frozen":0}