{"live/elapsed_sec":59.39509320259094,"live/angular_velocity_rps":-0.75,"_wandb":{"runtime":58},"live/nearest_ped_dist_m":3.358343864557882,"live/path_deviation_m":1.0960660637736126,"live/ped_blocking":0,"_runtime":58,"live/cumul_freeze_sec":9.793896436691284,"live/c4_dir_scale_1":1,"live/is_aligning_mode":0,"_step":290,"live/solver_ms":2.191019000747474,"live/c4_dir_scale_0":1.0804035043072926,"_timestamp":1.7794453371220396e+09,"live/linear_velocity_mps":0.08526325696358734,"live/is_frozen":0}