{"live/angular_velocity_rps":-0.75,"live/path_deviation_m":2.6039580004712115,"live/solver_ms":4.118639999433071,"_step":13,"_timestamp":1.7791808193519156e+09,"live/linear_velocity_mps":0,"_wandb":{"runtime":2},"live/elapsed_sec":4.834343194961548,"live/nearest_ped_dist_m":15.813826040850895,"_runtime":2}