{"live/elapsed_sec":54.19529318809509,"result/success":1,"live/cumul_freeze_sec":3.1956725120544434,"live/path_deviation_m":0.1750382813419996,"live/solver_ms":1.97493099994972,"live/is_frozen":0,"live/c7_st_benefit":-5.235200749822831e-94,"result/path_dev_mean_m":0.375,"result/avg_solver_ms":1.86,"_runtime":52,"live/linear_velocity_mps":0.7588899035262338,"result/failure_reason":"","result/stop_go_count":1,"live/c7_ttc_oncoming":-1,"live/c7_st_right_score":5.235200750016706e-94,"live/c7_st_center_score":1.9387442779459186e-104,"live/c7_st_left_benefit":1.9387442779256566e-104,"result/path_dev_max_m":0.965,"live/ped_blocking":0,"live/angular_velocity_rps":-0.75,"_wandb":{"runtime":52},"live/c7_soft_gated":1,"result/elapsed_sec":54.2,"live/c7_oncoming_active":0,"result/ped_clearance_m":0.403,"live/c7_target_offset":0,"result/avg_recovery_latency_sec":-1,"live/c7_offset_strength":0,"live/nearest_ped_dist_m":5.276328507906007,"result/total_freeze_sec":3.2,"live/c7_signed_right_error":0.4586231766209945,"result/avg_v_mps":1.168,"_timestamp":1.7797773081928062e+09,"_step":261,"live/c7_lane_offset":9.938514739378449e-09,"result/avg_abs_w_rps":0.28,"live/c7_st_left_score":2.0262169108263033e-115}