{"live/c7_commit_floor":0,"live/path_deviation_m":1.6764536728973967,"live/angular_velocity_rps":-0.75,"live/c7_ttc_oncoming":-1,"live/c7_st_benefit":-2.383110340360986e-75,"live/elapsed_sec":63.25852417945862,"_runtime":61,"live/linear_velocity_mps":1.5,"live/c7_st_same_dir_score":0,"live/c7_st_center_score":1.114593502522121e-84,"live/c7_oncoming_active":0,"live/c7_position_capped":0,"live/c7_signed_right_error":-1.0286357720410617,"live/c7_lane_offset":-0.0001721167929429815,"live/c7_recenter_target":0,"_step":307,"live/ped_blocking":0,"live/c7_st_oncoming_score":1.114593502522121e-84,"live/c7_offset_strength":0,"live/solver_ms":68.8114630029304,"live/is_frozen":0,"_timestamp":1.7798698234176922e+09,"live/c7_target_offset":0,"live/c7_phase":0,"live/cumul_freeze_sec":3.3929929733276367,"live/c7_committed_avoid":0,"live/nearest_ped_dist_m":5.476775270187253,"_wandb":{"runtime":61},"live/c7_avoid_target":0}