{
    "collision_results": [false, false], 
    "complete_results": [true, true], 
    "smoothness_results": [
        [0.061182713329360316, 0.051887052859376656], 
        [0.061306187170147325, 0.061697773891237144]
    ], 
    "clearance_results": [0.23938825209623268, 0.3155835179314531], 
    "clearance_dyn_results": [0.613063263631386, 0.49658033223507464], 
    "deviation_results": [
        [0.23810065178521037, 0.9450954129802283], 
        [0.22378637932910614, 0.8827730159760172]
    ], 
    "solve_mmp_time_list": [
        0.27581733209080994, 0.10526186204515398, 0.10422821412794292, 0.10606905585154891, 0.10014563798904419, 
        0.10257235099561512, 0.09847374213859439, 0.0979968598112464, 0.09925957582890987, 0.0989701789803803, 
        0.10003145597875118, 0.09831144288182259, 0.10652942699380219, 0.09918602998368442, 0.09957495704293251, 
        0.10455874400213361, 0.1016824939288199, 0.1008121210616082, 0.0962806879542768, 0.10059294896200299, 
        0.10171900689601898, 0.10145140904933214, 0.09380319621413946, 0.09869152307510376, 0.09493868099525571, 
        0.09267954411916435, 0.09603891195729375, 0.10082959104329348, 0.09508210513740778, 0.09879152500070632, 
        0.09518432314507663, 0.09438947215676308, 0.09337456594221294, 0.10338309407234192, 0.09737484296783805, 
        0.09393382491543889, 0.09662482398562133, 0.09942002897150815, 0.11508027301169932, 0.0941132940351963, 
        0.09450291399843991, 0.10239982092753053, 0.09713992103934288, 0.10186521685682237, 0.0968372190836817, 
        0.10348965413868427, 0.1133542088791728, 0.09636751282960176, 0.09694947209209204, 0.10300994804129004, 
        0.09742018301039934, 0.09677064092829823, 0.0988726569339633, 0.10081961005926132, 0.10073912190273404, 
        0.09265890112146735, 0.09541664691641927, 0.0979036008939147, 0.09603099711239338, 0.09983646217733622, 
        0.09537329198792577, 0.1083885901607573, 0.0967931121122092, 0.10294062900356948, 0.0967049750033766, 
        0.10174278705380857, 0.0998170638922602, 0.10479888692498207, 0.10072747594676912, 0.09862772398628294, 
        0.09973713802173734, 0.124310493003577, 0.10080488305538893, 0.09414493502117693, 0.09604686894454062, 
        0.10569829703308642, 0.09907748503610492, 0.0985164858866483, 0.09625892294570804, 0.10076161799952388, 
        0.09458654699847102, 0.0948402970097959, 0.09644809411838651, 0.09985263389535248, 0.09545590612106025, 
        0.09613972390070558, 0.10020706010982394, 0.09638088708743453, 0.0961723739746958, 0.1019865411799401, 
        0.0976454729679972, 0.09380293404683471, 0.09339741989970207, 0.09677226282656193, 0.09387899795547128, 
        0.0946248930413276, 0.09001061716116965, 0.13022107095457613, 0.09377531590871513, 0.09407326788641512, 
        0.09549865801818669, 0.09534502099268138, 0.09936729911714792, 0.09304749104194343, 0.09418114507570863, 
        0.09682496101595461, 0.09423232194967568, 0.09436367521993816, 0.09706999803893268, 0.09364665998145938, 
        0.09445356298238039, 0.09610267006792128, 0.09211723902262747, 0.09467702708207071, 0.09157334291376173, 
        0.09398580505512655, 0.09258510009385645, 0.1280080978758633, 0.13124075601808727, 0.10087644192390144, 
        0.10188204818405211, 0.09670727513730526, 0.0932016340084374, 0.09627231885679066, 0.09501326596364379, 
        0.09259281819686294, 0.09323865408077836, 0.09528627898544073, 0.11321264016442001, 0.09967719507403672, 
        0.09710281016305089, 0.09791010082699358, 0.09817008394747972, 0.09830820001661777, 0.09729211614467204, 
        0.09685189905576408, 0.09915475198067725, 0.10426693898625672, 0.0992496379185468, 0.10092459293082356, 
        0.1119887800887227, 0.09777970099821687, 0.09471372305415571, 0.09453249908983707, 0.09898833488114178, 
        0.09439516207203269, 0.12321895686909556
    ], 
    "solve_mpc_time_list": [
        0.030251519987359643, 0.02711019106209278, 0.033510813023895025, 0.011558743892237544, 0.0070313389878720045, 
        0.006862916983664036, 0.006018737098202109, 0.006653856951743364, 0.009183017071336508, 0.006317530991509557, 
        0.009978871094062924, 0.006735923001542687, 0.007040820783004165, 0.008130206959322095, 0.006419704994186759, 
        0.01978966686874628, 0.018159694969654083, 0.021836258005350828, 0.025572631042450666, 0.020790447015315294, 
        0.02383991004899144, 0.02223616698756814, 0.019827054115012288, 0.026603047037497163, 0.029355725971981883, 
        0.01833285903558135, 0.04199896496720612, 0.024383808951824903, 0.04171768203377724, 0.03661911794915795, 
        0.04133993783034384, 0.027201443910598755, 0.06417011003941298, 0.07976618804968894, 0.1010220458265394, 
        0.038368745939806104, 0.0551125630736351, 0.017601530998945236, 0.019913441967219114, 0.030370903899893165, 
        0.017825215123593807, 0.016820983961224556, 0.01094871899113059, 0.012644956121221185, 0.010413540061563253, 
        0.013380649965256453, 0.01138541498221457, 0.010391537100076675, 0.015641456004232168, 0.009328356012701988, 
        0.01210652501322329, 0.009198008105158806, 0.013967653969302773, 0.009747589007019997, 0.013587411027401686, 
        0.014037839835509658, 0.01446407102048397, 0.011200166074559093, 0.009182891109958291, 0.009087136015295982, 
        0.007354958914220333, 0.009174206992611289, 0.006234337110072374, 0.006217187969014049, 0.006375769851729274, 
        0.007976941065862775, 0.005809541093185544, 0.005734400125220418, 0.005296119023114443, 0.005566373001784086, 
        0.005152455065399408, 0.0075305369682610035, 0.004082231083884835, 0.0039103589951992035, 0.027410309063270688, 
        0.02374995406717062, 0.030481336871162057, 0.010059136897325516, 0.006197348004207015, 0.00614669406786561, 
        0.0055719970259815454, 0.006252438994124532, 0.006534671876579523, 0.005580953089520335, 0.0062119930516928434, 
        0.006060020998120308, 0.006437566131353378, 0.006253156112506986, 0.005870513152331114, 0.02060129283927381, 
        0.019170230021700263, 0.01997494394890964, 0.018197030993178487, 0.02659945609048009, 0.04436802794225514, 
        0.016322992043569684, 0.023426329949870706, 0.025619748048484325, 0.023015602957457304, 0.03563147410750389, 
        0.040979616111144423, 0.022930909879505634, 0.021622887114062905, 0.031187686137855053, 0.027725513093173504, 
        0.023409264162182808, 0.031003584852442145, 0.06903908611275256, 0.09386415011249483, 0.03891638899222016, 
        0.03137106308713555, 0.081762206973508, 0.028817713959142566, 0.023650994058698416, 0.048944161972031, 
        0.01579461502842605, 0.011642787139862776, 0.009829655988141894, 0.01349776703864336, 0.012272552819922566, 
        0.009222234133630991, 0.008824354037642479, 0.013873636024072766, 0.021084210835397243, 0.008182433899492025, 
        0.012006144970655441, 0.014183562016114593, 0.014112824108451605, 0.011746075935661793, 0.010890677804127336, 
        0.008640834828838706, 0.011739680077880621, 0.011059901909902692, 0.007809041999280453, 0.009170574834570289, 
        0.012485960964113474, 0.008996397955343127, 0.008971424074843526, 0.010550936916843057, 0.00763143110089004, 
        0.007871383801102638, 0.009548913920298219, 0.007964622927829623, 0.008189098909497261, 0.007986644050106406, 
        0.0137043169233948, 0.008527050027623773
    ]
}