{"live/cumul_freeze_sec":1.9177038669586182,"live/c6_lateral_offset":5.57808134599695e-78,"_runtime":23,"live/c4_active":0,"live/c4_dir_scale_1":1,"live/c4_dir_scale_6":1,"_step":118,"live/solver_ms":3.915054985554889,"live/c4_dir_scale_0":1,"live/c4_n_obs":9,"_timestamp":1.7796825149043388e+09,"live/ped_blocking":0,"_wandb":{"runtime":23},"live/nearest_ped_dist_m":3.001791531679104,"live/path_deviation_m":1.2375116897533127,"live/is_aligning_mode":0,"live/c4_dir_scale_4":1,"live/is_frozen":0,"live/c4_dir_scale_2":1,"live/c4_dir_scale_3":1,"live/linear_velocity_mps":0.07845670060077917,"live/elapsed_sec":25.716434478759766,"live/angular_velocity_rps":0.75}