{"live/solver_ms":2.400914003374055,"live/cumul_freeze_sec":3.7983973026275635,"live/elapsed_sec":30.79529571533203,"live/c4_dir_scale_0":1.0005131620672054,"live/ped_blocking":1,"_wandb":{"runtime":29},"live/is_aligning_mode":0,"live/c4_dir_scale_1":1,"_runtime":29,"_step":147,"_timestamp":1.779461598098686e+09,"live/is_frozen":0,"live/path_deviation_m":0.25052536930063574,"live/linear_velocity_mps":0.6809592100516165,"live/nearest_ped_dist_m":1.2595365503916167,"live/angular_velocity_rps":-0.2066468362938574}