{"live/c4_dir_scale_6":1.8000000000000005,"_timestamp":1.7795341562939749e+09,"live/is_aligning_mode":0,"_runtime":7,"_wandb":{"runtime":7},"live/c4_n_obs":9,"live/cumul_freeze_sec":0,"live/angular_velocity_rps":-0.75,"live/c4_dir_scale_3":1,"_step":36,"live/is_frozen":0,"live/nearest_ped_dist_m":7.454357747967203,"live/solver_ms":0.571245007449761,"live/elapsed_sec":8.793580293655396,"live/c4_dir_scale_1":1.0000000000000007,"live/ped_blocking":0,"live/linear_velocity_mps":1.289278185888091,"live/c4_dir_scale_4":1,"live/c4_dir_scale_0":1.0000000000000007,"live/path_deviation_m":1.9082125563579069,"live/c4_dir_scale_2":1.0000000000000007}