{"live/c7_target_offset":0.35,"_wandb":{"runtime":4},"live/angular_velocity_rps":0.6349827684826596,"live/ped_blocking":1,"live/c7_score_benefit":0.8438903729116201,"live/c7_center_score":2.2972915072812965,"live/solver_ms":3.4353869850747287,"live/cumul_freeze_sec":0.598487377166748,"live/c7_lane_offset":0.4499996984542006,"live/c7_hold_count":32,"_timestamp":1.7796917144596124e+09,"live/is_frozen":0,"live/linear_velocity_mps":1.5,"_runtime":4,"live/path_deviation_m":0.7477054096111528,"live/nearest_ped_dist_m":0.929083205670315,"live/c7_right_score":1.4534011343696764,"_step":23,"live/elapsed_sec":6.596667766571045,"live/c7_lane":1,"live/c4_dir_scale_6":1,"live/c7_oncoming_active":0}